<?xml version="1.0" encoding="utf-8"?>
<extension version="3.1" type="plugin" group="content" method="upgrade">
	<name>Simple Picture Slideshow</name>
	<author>Andreas Berger</author>
	<creationDate>2013-08-23</creationDate>	
	<copyright>Copyright (C) 2013 Andreas Berger - http://www.bretteleben.de. All rights reserved.</copyright>
	<license>GNU General Public License version 2 or later; see LICENSE.txt</license>
	<authorEmail>andreas_berger@bretteleben.de</authorEmail>
	<authorUrl>www.bretteleben.de</authorUrl>
	<version>1.5.8</version>
	<description>PLG_BESPS_DESCRIPTION</description>

	<files>
		<filename plugin="simplepictureslideshow">simplepictureslideshow.php</filename>
		<folder>files</folder>
	</files>

	<languages folder="language">
		<language tag="en-GB">en-GB/en-GB.plg_content_simplepictureslideshow.ini</language>
		<language tag="en-GB">en-GB/en-GB.plg_content_simplepictureslideshow.sys.ini</language>
	</languages>

	<config>
		<fields name="params">
			<fieldset name="basic" addfieldpath="plugins/content/simplepictureslideshow/files/">
				<field name="desc" type="bexml" view="intro" label="" description="" />

				<field name="slideshow" type="bexml" view="slideshow" label=" " description="" />
				<field name="im_width" type="text" default="400" size="5" label="PLG_BESPS_WIDTH" description="PLG_BESPS_WIDTH_DESC" />
				<field name="im_height" type="text" default="300" size="5" label="PLG_BESPS_HEIGHT" description="PLG_BESPS_HEIGHT_DESC" />
				<field name="im_align" type="list" default="1" label="PLG_BESPS_ALIGN" description="PLG_BESPS_ALIGN_DESC">
					<option value="2">PLG_BESPS_LEFT</option>
					<option value="1">PLG_BESPS_CENTER</option>
					<option value="0">PLG_BESPS_RIGHT</option>
					<option value="3">PLG_BESPS_FLOATLEFT</option>
					<option value="4">PLG_BESPS_FLOATRIGHT</option>
				</field>
				<field name="sl_bgcol" type="text" default="FFFFFF" size="8" label="PLG_BESPS_BGCOL" description="PLG_BESPS_BGCOL_DESC" />
				<field name="bs_sort" type="list" default="0" label="PLG_BESPS_SORT" description="PLG_BESPS_SORT_DESC">
					<option value="0">PLG_BESPS_SORT_AZ</option>
					<option value="1">PLG_BESPS_SORT_ZA</option>
					<option value="2">PLG_BESPS_SORT_OLD</option>
					<option value="3">PLG_BESPS_SORT_NEW</option>
					<option value="4">PLG_BESPS_SORT_RAND</option>
				</field>
		
				<field name="animation" type="bexml" view="animation" label=" " description="" />
				<field name="sl_sdur" type="text" default="3" size="5" label="PLG_BESPS_SDUR" description="PLG_BESPS_SDUR_DESC" />
				<field name="sl_fdur" type="text" default="1" size="5" label="PLG_BESPS_FDUR" description="PLG_BESPS_FDUR_DESC" />
				<field name="sl_steps" type="text" default="20" size="5" label="PLG_BESPS_STEPS" description="PLG_BESPS_STEPS_DESC" />
				<field name="autostart" type="radio" default="1" label="PLG_BESPS_AUTO" description="PLG_BESPS_AUTO_DESC">
					<option value="1">PLG_BESPS_YES</option>
					<option value="0">PLG_BESPS_NO</option>
				</field>
		
				<field name="controls" type="bexml" view="controls" label=" " description="" />
				<field name="ctrl_show" type="radio" default="1" label="PLG_BESPS_CONTR" description="PLG_BESPS_CONTR_DESC">
					<option value="1">PLG_BESPS_YES</option>
					<option value="0">PLG_BESPS_NO</option>
				</field>
				<field name="ctrl_sort" type="text" default="1-2345" size="15" label="PLG_BESPS_CONTR_SORT" description="PLG_BESPS_CONTR_SORT_DESC" />
				<field name="ctrl_start" type="text" default="" size="15" label="PLG_BESPS_CONTR_START" description="PLG_BESPS_CONTR_START_DESC" filter="raw" />
				<field name="ctrl_stop" type="text" default="" size="15" label="PLG_BESPS_CONTR_STOP" description="PLG_BESPS_CONTR_STOP_DESC" filter="raw" />
				<field name="ctrl_back" type="text" default="" size="15" label="PLG_BESPS_CONTR_BACK" description="PLG_BESPS_CONTR_BACK_DESC" filter="raw" />
				<field name="ctrl_fwd" type="text" default="" size="15" label="PLG_BESPS_CONTR_FWD" description="PLG_BESPS_CONTR_FWD_DESC" filter="raw" />
				<field name="captions" type="bexml" view="captions" label=" " description="" />
				<field name="cap_show" type="radio" default="1" label="PLG_BESPS_SHOWCAP" description="PLG_BESPS_SHOWCAP_DESC">
					<option value="1">PLG_BESPS_YES</option>
					<option value="0">PLG_BESPS_NO</option>
				</field>
				<field name="cap_pos" type="radio" default="1" label="PLG_BESPS_CAPPOS" description="PLG_BESPS_CAPPOS_DESC">
					<option value="1">PLG_BESPS_CAPPOS_INSIDE</option>
					<option value="0">PLG_BESPS_CAPPOS_BELOW</option>
				</field>
				<field name="links" type="bexml" view="links" label=" " description="" />
				<field name="link_use" type="radio" default="1" label="PLG_BESPS_USELINKS" description="PLG_BESPS_USELINKS_DESC">
					<option value="1">PLG_BESPS_YES</option>
					<option value="0">PLG_BESPS_NO</option>
				</field>
		
				<field name="others" type="bexml" view="others" label=" " description="" />
				<field name="imagepath" type="text" default="/images/" size="50" label="PLG_BESPS_IMGROOT" description="PLG_BESPS_IMGROOT_DESC" />
				<field name="buttonpath" type="text" default="/images/besps_buttons/" size="50" label="PLG_BESPS_BUTFOLD" description="PLG_BESPS_BUTFOLD_DESC" />
				<field name="stylesheet" type="filelist" default="besps.css" label="PLG_BESPS_CSSFILE" description="PLG_BESPS_CSSFILE_DESC" directory="/plugins/content/simplepictureslideshow/files" filter="\.css$" exclude="" stripext="" hide_none="TRUE" hide_default="TRUE" />
				<field name="javascript" type="filelist" default="besps.js" label="PLG_BESPS_JSFILE" description="PLG_BESPS_JSFILE_DESC" directory="/plugins/content/simplepictureslideshow/files" filter="\.js$" exclude="" stripext="" hide_none="TRUE" hide_default="TRUE" />
				<field name="preld" type="text" default="" size="5" label="PLG_BESPS_PRLD" description="PLG_BESPS_PRLD_DESC" />
				<field name="setid" type="radio" default="0" label="PLG_BESPS_FOLDID" description="PLG_BESPS_FOLDID_DESC">
					<option value="1">PLG_BESPS_YES</option>
					<option value="0">PLG_BESPS_NO</option>
				</field>
			</fieldset>
		</fields>
	</config>
</extension>