<?xml version="1.0" encoding="utf-8"?>
<extension type="component" method="upgrade" version="1.6">
	<name>Members</name>
	<creationDate>2013-10-27</creationDate>
	<author>Fogler Tibor</author>
	<authorEmail>tibor.fogler@gmail.com</authorEmail>
	<authorUrl>http://adatmagus.hu</authorUrl>
	<copyright>Copyright (C) 2013 Fogler Tibor Open Source Matters. All rights reserved.</copyright>	
	<license>GNU/GPL</license>
	<version>1.01</version>
	<description>szeszt - mebers</description>
	<installfile></installfile>
	<uninstallfile></uninstallfile>
	<install>
		<sql>
			<file driver="mysql" charset="utf8">sql/install.mysql.sql</file>
		</sql>
	</install>
	<uninstall>
		<sql>
			<file driver="mysql" charset="utf8">sql/uninstall.mysql.sql</file>
		</sql>
	</uninstall>
	<files folder="site">
			<filename>members.php</filename>
			<filename>controller.php</filename>
			<filename>index.html</filename>			
			<filename>router.php</filename>
			<folder>controllers</folder>
			<folder>helpers</folder>
			<folder>models</folder>
			<folder>views</folder>
			<folder>assets</folder>			
	</files>	
	<languages folder="site">
		<language tag="en-GB">language/en-GB.com_members.ini</language>
    	<language tag="de-DE">language/de-DE.com_members.ini</language>            
	</languages>
	<administration>
		<menu link="index.php?option=com_members">Members</menu>

		<files folder="admin">
			<filename>config.xml</filename>
			<filename>members.php</filename>
			<filename>controller.php</filename>
			<filename>index.html</filename>
			<filename>access.xml</filename>			
			<folder>assets</folder>
			<folder>elements</folder>				
			<folder>controllers</folder>
			<folder>helpers</folder>
			<folder>models</folder>
			<folder>sql</folder>			
			<folder>tables</folder>
			<folder>views</folder>									
		</files>	
        <languages folder="admin">
        	<language tag="en-GB">language/en-GB.com_members.ini</language>
            <language tag="de-DE">language/de-DE.com_members.ini</language>
        	<language tag="en-GB">language/en-GB.com_members.sys.ini</language>
            <language tag="de-DE">language/de-DE.com_members.sys.ini</language>                           
		</languages>		
	</administration>
</extension>