<?xml version="1.0" encoding="utf-8"?>
<!DOCTYPE install SYSTEM "http://dev.joomla.org/xml/1.5/plugin-install.dtd">
<install type="plugin" version="1.5" method="upgrade" group="acymailing">
	<name>AcyMailing : Handle Click tracking</name>
	<creationDate>mai 2015</creationDate>
	<version>4.9.3</version>
	<author>Acyba</author>
	<authorEmail>dev@acyba.com</authorEmail>
	<authorUrl>http://www.acyba.com</authorUrl>
	<copyright>Copyright (C) 2009-2015 ACYBA SARL - All rights reserved.</copyright>
	<license>GNU/GPLv3 http://www.gnu.org/licenses/gpl-3.0.html</license>
	<description>This plugin enables you to turn ON the url tracking capability</description>
	<files>
		<filename plugin="urltracker">urltracker.php</filename>
	</files>
	<params addpath="/components/com_acymailing/params">
		<param name="help" type="help" label="Help" description="Click on the help button to get some help" default="plugin-urltracker"/>
		<param name="displayfilter_mail" type="radio" default="1" label="Display filter" description="Display the url tracker filter on the Newsletter creation interface">
			<option value="0">JOOMEXT_NO</option>
			<option value="1">JOOMEXT_YES</option>
		</param>
	</params>
	<config>
		<fields name="params" addfieldpath="/components/com_acymailing/params">
			<fieldset name="basic">
				<field name="help" type="help" label="Help" description="Click on the help button to get some help" default="plugin-urltracker"/>
				<field name="displayfilter_mail" type="radio" default="1" label="Display filter" description="Display the url tracker filter on the Newsletter creation interface">
					<option value="0">JOOMEXT_NO</option>
					<option value="1">JOOMEXT_YES</option>
				</field>
			</fieldset>
		</fields>
	</config>
</install>
