<?xml version="1.0" encoding="UTF-8" ?>
<extension type="file" method="upgrade" version="2.5">
    <name>com_jdownloads - hu-HU</name>
    <version>2015-01-15-04-06-44</version>
    <creationDate>15.01.2015</creationDate>
    <author>Arno Betz</author>
    <authorEmail>info@jdownloads.com</authorEmail>
    <authorUrl>https://www.jdownloads.com</authorUrl>
    <copyright>© 2007-2015 - www.jDownloads.com. All rights reserved!</copyright>
    <license>GNU General Public License version 2 or later; see LICENSE.txt</license>
    <packager>CTransifex</packager>
    <packagerurl>https://compojoom.com</packagerurl>
    <description>
        <![CDATA[This package was auto generated with CTransifex(https://compojoom.com). We've grabbed the latest language files for our extension from transifex.com.
        Special thanks to OpenTranslators (http://opentranslators.org) for helping us with this translation!]]>
    </description>
    <fileset>
        <files folder="admin" target="administrator/language/hu-HU"><filename>hu-HU.com_jdownloads.ini</filename>
<filename>hu-HU.com_jdownloads.sys.ini</filename>
<filename>hu-HU.plg_search_jdownloads.ini</filename>
<filename>hu-HU.plg_search_jdownloads.sys.ini</filename></files>
        <files folder="frontend" target="language/hu-HU"><filename>hu-HU.com_jdownloads.ini</filename></files>
    </fileset>
</extension>