<?xml version="1.0" encoding="UTF-8" ?>
<extension type="package" version="2.5" method="upgrade">
  <name>HS Users Package</name>
  <license>GNU/GPL version 2 or later</license>
  <author>Hayato Sugimoto</author>
  <authorEmail>mail@hs-shelf.com</authorEmail>
  <authorUrl>http://hs-shelf.com</authorUrl>
  <packagename>hs_users</packagename>
  <version>1.0.18</version>
  <description>Thank you for installing HS Users Package! </description>
  <scriptfile>pkgscript.php</scriptfile>
  <files>
          <filename>com_hs_users_1.0.14.zip</filename>
          <filename>mod_hs_users_1.0.7.zip</filename>         
          <filename>plg_hs_profile_1.0.6.zip</filename>
          <filename>lib_hs_1.0.8.zip</filename>
  </files>  
</extension>

