<?xml version="1.0" encoding="UTF-8" ?>
<extension type="package" version="2.5">
    <name>com_slogin</name>
    <author>SmokerMan, Arkadiy, Joomline</author>
	<packagename>slogin</packagename>
    <creationDate>06.10.2012</creationDate>
    <copyright>© 2012. All rights reserved.</copyright>
    <license>GNU/GPL v.3 or later.</license>
	<packager>JoomLine</packager>
	<packagerurl>http://joomline.ru</packagerurl>
    <version>2.0</version>
    <description>Packet authentication via social networking joomla. The package: plugin, module, component. After installing the plugin activate Social Login.</description>
<files>
	    <file type="component" method="upgrade" client="site">com_slogin.zip</file>
	    <file type="module" method="upgrade" client="site">mod_slogin.zip</file>
	    <file type="library" method="upgrade" client="site">lib_slogin_oauth.zip</file>
		<file type="library" client="site" method="upgrade">lib_amcharts.zip</file>
	    <file type="plugin" method="upgrade" client="site">plg_slogin.zip</file>
	    <file type="plugin" method="upgrade" client="site">plg_slogin_profile.zip</file> 
		<file type="plugin" method="upgrade" client="site">plg_SL_facebook.zip</file>	
		<file type="plugin" method="upgrade" client="site">plg_SL_google.zip</file>	
		<file type="plugin" method="upgrade" client="site">plg_SL_mail.zip</file>	
		<file type="plugin" method="upgrade" client="site">plg_SL_odnoklassniki.zip</file>	
		<file type="plugin" method="upgrade" client="site">plg_SL_twitter.zip</file>	
		<file type="plugin" method="upgrade" client="site">plg_SL_vkontakte.zip</file>	
		<file type="plugin" method="upgrade" client="site">plg_SL_yandex.zip</file>	
		<file type="plugin" method="upgrade" client="site">plg_SL_linkedin.zip</file>
		<file type="plugin" method="upgrade" client="site">plg_SL_ulogin.zip</file>
		<file type="plugin" method="upgrade" client="site">plg_SL_live.zip</file>
		<file type="plugin" method="upgrade" client="site">plg_SL_yahoo.zip</file>
		<file type="plugin" method="upgrade" client="site">plg_SL_wordpress.zip</file>
		<file type="plugin" method="upgrade" client="site">plg_SL_instagram.zip</file>
</files>
</extension>
