<?xml version="1.0" ?>
<joomfish type="contentelement">
<name>jDownloads Configuration</name>
<author>Arno Betz</author>
<version>2.5</version>
<description>Definition for the jDownloads component (series 2.5/3.2+) - Configuration</description>
<reference>
    <table name="jdownloads_config">
        <field type="referenceid" name="id" translate="0">ID</field>
        <field type="titletext" name="setting_name" translate="0">Parameter Name</field>
        <field type="textarea" name="setting_value" translate="1">Parameter Value</field>
    </table>
</reference>
</joomfish>
