<?xml version="1.0" encoding="utf-8"?>
<install version="1.5"  method="upgrade" type="plugin" group="search">
	<name>Li_de</name>
	<creationDate>2015-05-10</creationDate>
	<author>Fogler Tibor</author>
	<authorEmail>tibor.fogler@gmail.com</authorEmail>
	<authorUrl>http://adatmagus.hu</authorUrl>
	<copyright>Copyright (C) 2015 Fogler Tibor Open Source Matters. All rights reserved.</copyright>	
	<license>GNU/GPL</license>
	<version>1.00</version>
	<description>keresés li-de kategóriákban, szavazásokban és alternatívákban</description>
	<files>
		<filename plugin="li_de">li_de.php</filename>
		<filename>index.html</filename>
	</files>
</install>