<?xml version="1.0" encoding="UTF-8" ?>
<extension version="3.4" type="plugin" group="system" method="upgrade">
	<name>System - NoNumber Installer</name>
	<description></description>
	<version>15.11.2132</version>
	<creationDate>November 2015</creationDate>
	<author>NoNumber (Peter van Westen)</author>
	<authorEmail>peter@nonumber.nl</authorEmail>
	<authorUrl>https://www.nonumber.nl</authorUrl>
	<copyright>Copyright © 2015 NoNumber All Rights Reserved</copyright>
	<license>http://www.gnu.org/licenses/gpl-2.0.html GNU/GPL</license>

	<scriptfile>script.install.php</scriptfile>

	<files>
		<filename plugin="nonumberinstaller">nonumberinstaller.php</filename>
		<folder>language</folder>
	</files>
</extension>
