<?xml version="1.0" encoding="utf-8"?>
<install version="1.5"  method="upgrade" type="plugin" group="user">
	<name>Li-de-profil</name>
	<creationDate>2015-05-16</creationDate>
	<author>Fogler Tibor</author>
	<authorEmail>tibor.fogler@gmail.com</authorEmail>
	<authorUrl>http://adatmagus.hu</authorUrl>
	<copyright>Copyright (C) 2015 Fogler Tibor Open Source Matters. All rights reserved.</copyright>	
	<license>GNU/GPL</license>
	<version>1.0</version>
	<description>új mező hozzáadása user profilhoz</description>
	<files>
		<filename plugin="li-de-profil">li-de-profil.php</filename>
		<filename>index.html</filename>
	</files>
</install>